"variant_id","brand","category","period","buyers_first_year","repeat_buyers_next_year","true_repeat_rate","true_niche"
"V001","Brand G","instant_coffee","2023-2024",161,61,0.3471,0
"V001","Brand G","instant_coffee","2024-2025",122,43,0.3471,0
"V002","Brand H","whole_beans","2023-2024",41,14,0.3526,0
"V002","Brand H","whole_beans","2024-2025",39,18,0.3526,0
"V003","Brand E","coffee_capsules","2023-2024",17,10,0.3824,0
"V003","Brand E","coffee_capsules","2024-2025",21,7,0.3824,0
"V004","Brand F","ground_coffee","2023-2024",184,73,0.3458,0
"V004","Brand F","ground_coffee","2024-2025",188,65,0.3458,0
"V005","Brand G","whole_beans","2023-2024",21,6,0.4095,0
"V005","Brand G","whole_beans","2024-2025",27,13,0.4095,0
"V006","Brand B","coffee_capsules","2023-2024",6,1,0.2587,0
"V006","Brand B","coffee_capsules","2024-2025",17,4,0.2587,0
"V007","Brand D","whole_beans","2023-2024",34,13,0.3791,0
"V007","Brand D","whole_beans","2024-2025",28,6,0.3791,0
"V008","Brand F","herbal_tea","2023-2024",7,3,0.198,0
"V008","Brand F","herbal_tea","2024-2025",9,3,0.198,0
"V009","Brand C","coffee_capsules","2023-2024",31,10,0.3234,0
"V009","Brand C","coffee_capsules","2024-2025",23,11,0.3234,0
"V010","Brand H","black_tea","2023-2024",106,32,0.3465,0
"V010","Brand H","black_tea","2024-2025",115,37,0.3465,0
"V011","Brand B","coffee_capsules","2023-2024",33,10,0.3059,0
"V011","Brand B","coffee_capsules","2024-2025",31,11,0.3059,0
"V012","Brand H","instant_coffee","2023-2024",297,126,0.4403,0
"V012","Brand H","instant_coffee","2024-2025",293,124,0.4403,0
"V013","Brand H","coffee_capsules","2023-2024",6,3,0.3058,0
"V013","Brand H","coffee_capsules","2024-2025",8,1,0.3058,0
"V014","Brand D","coffee_pods","2023-2024",13,4,0.3135,0
"V014","Brand D","coffee_pods","2024-2025",17,5,0.3135,0
"V015","Brand G","coffee_capsules","2023-2024",206,72,0.3299,0
"V015","Brand G","coffee_capsules","2024-2025",196,66,0.3299,0
"V016","Brand D","ground_coffee","2023-2024",3,0,0.2415,0
"V016","Brand D","ground_coffee","2024-2025",4,3,0.2415,0
"V017","Brand C","whole_beans","2023-2024",5,2,0.2456,0
"V017","Brand C","whole_beans","2024-2025",2,2,0.2456,0
"V018","Brand D","coffee_capsules","2023-2024",63,27,0.4312,0
"V018","Brand D","coffee_capsules","2024-2025",80,37,0.4312,0
"V019","Brand F","ground_coffee","2023-2024",10,1,0.305,0
"V019","Brand F","ground_coffee","2024-2025",13,4,0.305,0
"V020","Brand E","coffee_capsules","2023-2024",7,3,0.2785,0
"V020","Brand E","coffee_capsules","2024-2025",9,2,0.2785,0
"V021","Brand F","ground_coffee","2023-2024",7,2,0.3124,0
"V021","Brand F","ground_coffee","2024-2025",6,3,0.3124,0
"V022","Brand C","ground_coffee","2023-2024",79,29,0.331,0
"V022","Brand C","ground_coffee","2024-2025",95,32,0.331,0
"V023","Brand H","coffee_capsules","2023-2024",13,3,0.2912,0
"V023","Brand H","coffee_capsules","2024-2025",9,2,0.2912,0
"V024","Brand B","coffee_capsules","2023-2024",23,6,0.3517,0
"V024","Brand B","coffee_capsules","2024-2025",26,8,0.3517,0
"V025","Brand B","ground_coffee","2023-2024",7,1,0.2566,0
"V025","Brand B","ground_coffee","2024-2025",7,3,0.2566,0
"V026","Brand F","coffee_capsules","2023-2024",54,27,0.4679,0
"V026","Brand F","coffee_capsules","2024-2025",42,19,0.4679,0
"V027","Brand E","ground_coffee","2023-2024",6,3,0.3549,0
"V027","Brand E","ground_coffee","2024-2025",8,6,0.3549,0
"V028","Brand G","coffee_capsules","2023-2024",44,21,0.3779,0
"V028","Brand G","coffee_capsules","2024-2025",54,19,0.3779,0
"V029","Brand H","coffee_capsules","2023-2024",10,2,0.2495,0
"V029","Brand H","coffee_capsules","2024-2025",5,1,0.2495,0
"V030","Brand F","black_tea","2023-2024",394,249,0.6226,1
"V030","Brand F","black_tea","2024-2025",406,249,0.6226,1
"V031","Brand H","herbal_tea","2023-2024",37,10,0.2748,0
"V031","Brand H","herbal_tea","2024-2025",40,12,0.2748,0
"V032","Brand E","coffee_capsules","2023-2024",5,0,0.2817,0
"V032","Brand E","coffee_capsules","2024-2025",2,1,0.2817,0
"V033","Brand B","instant_coffee","2023-2024",199,73,0.3896,0
"V033","Brand B","instant_coffee","2024-2025",182,70,0.3896,0
"V034","Brand A","coffee_capsules","2023-2024",22,9,0.2987,0
"V034","Brand A","coffee_capsules","2024-2025",21,5,0.2987,0
"V035","Brand D","black_tea","2023-2024",28,11,0.3463,0
"V035","Brand D","black_tea","2024-2025",46,13,0.3463,0
"V036","Brand F","ground_coffee","2023-2024",197,67,0.3467,0
"V036","Brand F","ground_coffee","2024-2025",186,59,0.3467,0
"V037","Brand A","coffee_capsules","2023-2024",48,15,0.3571,0
"V037","Brand A","coffee_capsules","2024-2025",42,17,0.3571,0
"V038","Brand G","whole_beans","2023-2024",1161,428,0.3556,0
"V038","Brand G","whole_beans","2024-2025",1084,400,0.3556,0
"V039","Brand D","instant_coffee","2023-2024",13,2,0.2909,0
"V039","Brand D","instant_coffee","2024-2025",13,3,0.2909,0
"V040","Brand A","whole_beans","2023-2024",43,9,0.3026,0
"V040","Brand A","whole_beans","2024-2025",34,7,0.3026,0
"V041","Brand F","ground_coffee","2023-2024",51,21,0.4383,0
"V041","Brand F","ground_coffee","2024-2025",57,31,0.4383,0
"V042","Brand E","herbal_tea","2023-2024",76,38,0.4749,1
"V042","Brand E","herbal_tea","2024-2025",71,35,0.4749,1
"V043","Brand G","ground_coffee","2023-2024",95,59,0.6639,1
"V043","Brand G","ground_coffee","2024-2025",83,64,0.6639,1
"V044","Brand H","whole_beans","2023-2024",49,13,0.4139,0
"V044","Brand H","whole_beans","2024-2025",57,23,0.4139,0
"V045","Brand F","coffee_capsules","2023-2024",5,0,0.3341,0
"V045","Brand F","coffee_capsules","2024-2025",7,3,0.3341,0
"V046","Brand E","coffee_capsules","2023-2024",9,1,0.3674,0
"V046","Brand E","coffee_capsules","2024-2025",10,1,0.3674,0
"V047","Brand B","herbal_tea","2023-2024",23,4,0.229,0
"V047","Brand B","herbal_tea","2024-2025",26,3,0.229,0
"V048","Brand E","ground_coffee","2023-2024",16,3,0.3106,0
"V048","Brand E","ground_coffee","2024-2025",13,5,0.3106,0
"V049","Brand D","whole_beans","2023-2024",35,10,0.3,0
"V049","Brand D","whole_beans","2024-2025",27,12,0.3,0
"V050","Brand G","coffee_capsules","2023-2024",12,2,0.2672,0
"V050","Brand G","coffee_capsules","2024-2025",11,1,0.2672,0
"V051","Brand G","iced_coffee","2023-2024",109,24,0.2658,0
"V051","Brand G","iced_coffee","2024-2025",106,25,0.2658,0
"V052","Brand H","black_tea","2023-2024",34,9,0.3065,0
"V052","Brand H","black_tea","2024-2025",33,13,0.3065,0
"V053","Brand B","iced_coffee","2023-2024",43,13,0.233,0
"V053","Brand B","iced_coffee","2024-2025",57,12,0.233,0
"V054","Brand B","herbal_tea","2023-2024",11,3,0.3226,0
"V054","Brand B","herbal_tea","2024-2025",18,7,0.3226,0
"V055","Brand H","whole_beans","2023-2024",12,3,0.3614,0
"V055","Brand H","whole_beans","2024-2025",10,2,0.3614,0
"V056","Brand C","instant_coffee","2023-2024",215,95,0.4505,0
"V056","Brand C","instant_coffee","2024-2025",216,108,0.4505,0
"V057","Brand G","instant_coffee","2023-2024",10,1,0.3278,0
"V057","Brand G","instant_coffee","2024-2025",6,2,0.3278,0
"V058","Brand E","coffee_capsules","2023-2024",11,4,0.362,0
"V058","Brand E","coffee_capsules","2024-2025",6,2,0.362,0
"V059","Brand B","iced_coffee","2023-2024",9,1,0.218,0
"V059","Brand B","iced_coffee","2024-2025",4,0,0.218,0
"V060","Brand G","coffee_capsules","2023-2024",387,274,0.7289,1
"V060","Brand G","coffee_capsules","2024-2025",374,284,0.7289,1
"V061","Brand G","ground_coffee","2023-2024",24,5,0.3152,0
"V061","Brand G","ground_coffee","2024-2025",17,7,0.3152,0
"V062","Brand D","herbal_tea","2023-2024",140,45,0.3427,0
"V062","Brand D","herbal_tea","2024-2025",142,41,0.3427,0
"V063","Brand E","black_tea","2023-2024",8,2,0.3224,0
"V063","Brand E","black_tea","2024-2025",11,3,0.3224,0
"V064","Brand F","whole_beans","2023-2024",10,3,0.329,0
"V064","Brand F","whole_beans","2024-2025",14,3,0.329,0
"V065","Brand A","ground_coffee","2023-2024",20,7,0.3023,0
"V065","Brand A","ground_coffee","2024-2025",19,10,0.3023,0
"V066","Brand G","coffee_capsules","2023-2024",70,17,0.1945,0
"V066","Brand G","coffee_capsules","2024-2025",70,15,0.1945,0
"V067","Brand F","black_tea","2023-2024",20,5,0.3004,0
"V067","Brand F","black_tea","2024-2025",13,6,0.3004,0
"V068","Brand C","whole_beans","2023-2024",71,22,0.281,0
"V068","Brand C","whole_beans","2024-2025",69,18,0.281,0
"V069","Brand F","black_tea","2023-2024",34,12,0.308,0
"V069","Brand F","black_tea","2024-2025",24,7,0.308,0
"V070","Brand H","instant_coffee","2023-2024",39,12,0.2482,0
"V070","Brand H","instant_coffee","2024-2025",29,9,0.2482,0
"V071","Brand F","herbal_tea","2023-2024",623,287,0.4272,0
"V071","Brand F","herbal_tea","2024-2025",569,243,0.4272,0
"V072","Brand E","ground_coffee","2023-2024",13,5,0.2163,0
"V072","Brand E","ground_coffee","2024-2025",9,2,0.2163,0
"V073","Brand E","instant_coffee","2023-2024",99,36,0.3969,0
"V073","Brand E","instant_coffee","2024-2025",107,36,0.3969,0
"V074","Brand E","coffee_pods","2023-2024",127,66,0.4642,0
"V074","Brand E","coffee_pods","2024-2025",137,61,0.4642,0
"V075","Brand H","coffee_capsules","2023-2024",307,103,0.3767,0
"V075","Brand H","coffee_capsules","2024-2025",314,122,0.3767,0
"V076","Brand F","black_tea","2023-2024",41,13,0.2801,0
"V076","Brand F","black_tea","2024-2025",42,9,0.2801,0
"V077","Brand E","instant_coffee","2023-2024",37,10,0.2689,0
"V077","Brand E","instant_coffee","2024-2025",38,12,0.2689,0
"V078","Brand D","whole_beans","2023-2024",41,14,0.3217,0
"V078","Brand D","whole_beans","2024-2025",37,9,0.3217,0
"V079","Brand G","coffee_capsules","2023-2024",70,31,0.3759,0
"V079","Brand G","coffee_capsules","2024-2025",72,24,0.3759,0
"V080","Brand A","herbal_tea","2023-2024",77,22,0.2831,0
"V080","Brand A","herbal_tea","2024-2025",75,20,0.2831,0
"V081","Brand A","coffee_capsules","2023-2024",13,6,0.3291,0
"V081","Brand A","coffee_capsules","2024-2025",20,8,0.3291,0
"V082","Brand B","iced_coffee","2023-2024",95,15,0.2237,0
"V082","Brand B","iced_coffee","2024-2025",83,15,0.2237,0
"V083","Brand F","coffee_pods","2023-2024",57,26,0.4252,0
"V083","Brand F","coffee_pods","2024-2025",52,28,0.4252,0
"V084","Brand F","iced_coffee","2023-2024",66,18,0.2947,0
"V084","Brand F","iced_coffee","2024-2025",60,20,0.2947,0
"V085","Brand B","coffee_capsules","2023-2024",1707,952,0.5309,0
"V085","Brand B","coffee_capsules","2024-2025",1692,917,0.5309,0
"V086","Brand C","iced_coffee","2023-2024",49,14,0.2163,0
"V086","Brand C","iced_coffee","2024-2025",49,9,0.2163,0
"V087","Brand F","black_tea","2023-2024",6,1,0.3225,0
"V087","Brand F","black_tea","2024-2025",9,3,0.3225,0
"V088","Brand E","herbal_tea","2023-2024",44,14,0.2636,0
"V088","Brand E","herbal_tea","2024-2025",35,7,0.2636,0
"V089","Brand D","coffee_capsules","2023-2024",14,6,0.4187,0
"V089","Brand D","coffee_capsules","2024-2025",17,3,0.4187,0
"V090","Brand B","coffee_capsules","2023-2024",7,3,0.2971,0
"V090","Brand B","coffee_capsules","2024-2025",8,5,0.2971,0
"V091","Brand G","herbal_tea","2023-2024",11,2,0.1829,0
"V091","Brand G","herbal_tea","2024-2025",13,2,0.1829,0
"V092","Brand A","instant_coffee","2023-2024",27,12,0.4266,0
"V092","Brand A","instant_coffee","2024-2025",33,14,0.4266,0
"V093","Brand A","coffee_pods","2023-2024",107,35,0.4102,0
"V093","Brand A","coffee_pods","2024-2025",107,46,0.4102,0
"V094","Brand A","ground_coffee","2023-2024",45,22,0.494,0
"V094","Brand A","ground_coffee","2024-2025",58,34,0.494,0
"V095","Brand A","ground_coffee","2023-2024",4,2,0.3446,0
"V095","Brand A","ground_coffee","2024-2025",6,2,0.3446,0
"V096","Brand E","ground_coffee","2023-2024",21,5,0.2839,0
"V096","Brand E","ground_coffee","2024-2025",30,7,0.2839,0
"V097","Brand H","coffee_pods","2023-2024",3,0,0.3424,0
"V097","Brand H","coffee_pods","2024-2025",2,0,0.3424,0
"V098","Brand H","ground_coffee","2023-2024",18,6,0.2922,0
"V098","Brand H","ground_coffee","2024-2025",13,3,0.2922,0
"V099","Brand B","instant_coffee","2023-2024",6,1,0.2977,0
"V099","Brand B","instant_coffee","2024-2025",4,1,0.2977,0
"V100","Brand D","ground_coffee","2023-2024",4,0,0.3155,0
"V100","Brand D","ground_coffee","2024-2025",4,1,0.3155,0
"V101","Brand B","coffee_capsules","2023-2024",95,42,0.3841,0
"V101","Brand B","coffee_capsules","2024-2025",114,43,0.3841,0
"V102","Brand G","coffee_pods","2023-2024",28,6,0.2248,0
"V102","Brand G","coffee_pods","2024-2025",22,5,0.2248,0
"V103","Brand D","ground_coffee","2023-2024",21,7,0.324,0
"V103","Brand D","ground_coffee","2024-2025",34,9,0.324,0
"V104","Brand G","coffee_capsules","2023-2024",60,16,0.3355,0
"V104","Brand G","coffee_capsules","2024-2025",65,16,0.3355,0
"V105","Brand G","coffee_capsules","2023-2024",13,3,0.3589,0
"V105","Brand G","coffee_capsules","2024-2025",14,8,0.3589,0
"V106","Brand B","coffee_capsules","2023-2024",21,7,0.3432,0
"V106","Brand B","coffee_capsules","2024-2025",18,4,0.3432,0
"V107","Brand E","instant_coffee","2023-2024",15,3,0.2998,0
"V107","Brand E","instant_coffee","2024-2025",11,4,0.2998,0
"V108","Brand F","black_tea","2023-2024",14,3,0.29,0
"V108","Brand F","black_tea","2024-2025",11,2,0.29,0
"V109","Brand B","coffee_capsules","2023-2024",2,2,0.3653,0
"V109","Brand B","coffee_capsules","2024-2025",10,4,0.3653,0
"V110","Brand A","black_tea","2023-2024",76,29,0.426,0
"V110","Brand A","black_tea","2024-2025",72,35,0.426,0
"V111","Brand F","ground_coffee","2023-2024",61,27,0.3583,0
"V111","Brand F","ground_coffee","2024-2025",73,18,0.3583,0
"V112","Brand C","herbal_tea","2023-2024",5,2,0.2607,0
"V112","Brand C","herbal_tea","2024-2025",6,0,0.2607,0
"V113","Brand H","coffee_capsules","2023-2024",332,132,0.3469,0
"V113","Brand H","coffee_capsules","2024-2025",336,105,0.3469,0
"V114","Brand H","ground_coffee","2023-2024",18,5,0.3374,0
"V114","Brand H","ground_coffee","2024-2025",20,10,0.3374,0
"V115","Brand B","coffee_capsules","2023-2024",20,4,0.3226,0
"V115","Brand B","coffee_capsules","2024-2025",16,7,0.3226,0
"V116","Brand B","coffee_capsules","2023-2024",2,1,0.29,0
"V116","Brand B","coffee_capsules","2024-2025",2,2,0.29,0
"V117","Brand C","whole_beans","2023-2024",26,6,0.2246,0
"V117","Brand C","whole_beans","2024-2025",21,6,0.2246,0
"V118","Brand H","coffee_capsules","2023-2024",14,4,0.2716,0
"V118","Brand H","coffee_capsules","2024-2025",5,4,0.2716,0
"V119","Brand A","coffee_capsules","2023-2024",41,13,0.2435,0
"V119","Brand A","coffee_capsules","2024-2025",35,10,0.2435,0
"V120","Brand A","coffee_pods","2023-2024",26,5,0.2155,0
"V120","Brand A","coffee_pods","2024-2025",37,9,0.2155,0
"V121","Brand B","whole_beans","2023-2024",90,31,0.3633,0
"V121","Brand B","whole_beans","2024-2025",105,36,0.3633,0
"V122","Brand D","coffee_capsules","2023-2024",4,1,0.2369,0
"V122","Brand D","coffee_capsules","2024-2025",10,0,0.2369,0
"V123","Brand A","black_tea","2023-2024",5,0,0.1637,0
"V123","Brand A","black_tea","2024-2025",2,0,0.1637,0
"V124","Brand G","coffee_pods","2023-2024",41,11,0.362,0
"V124","Brand G","coffee_pods","2024-2025",47,13,0.362,0
"V125","Brand D","ground_coffee","2023-2024",39,13,0.2551,0
"V125","Brand D","ground_coffee","2024-2025",53,17,0.2551,0
"V126","Brand D","coffee_capsules","2023-2024",159,84,0.519,0
"V126","Brand D","coffee_capsules","2024-2025",171,87,0.519,0
"V127","Brand F","ground_coffee","2023-2024",14,6,0.2563,0
"V127","Brand F","ground_coffee","2024-2025",29,5,0.2563,0
"V128","Brand A","whole_beans","2023-2024",61,17,0.2826,0
"V128","Brand A","whole_beans","2024-2025",54,14,0.2826,0
"V129","Brand C","coffee_capsules","2023-2024",62,26,0.3334,0
"V129","Brand C","coffee_capsules","2024-2025",52,15,0.3334,0
"V130","Brand A","ground_coffee","2023-2024",7,2,0.2018,0
"V130","Brand A","ground_coffee","2024-2025",18,5,0.2018,0
"V131","Brand G","ground_coffee","2023-2024",3,0,0.2747,0
"V131","Brand G","ground_coffee","2024-2025",2,0,0.2747,0
"V132","Brand H","black_tea","2023-2024",8,0,0.2431,0
"V132","Brand H","black_tea","2024-2025",8,3,0.2431,0
"V133","Brand A","coffee_capsules","2023-2024",34,14,0.2629,0
"V133","Brand A","coffee_capsules","2024-2025",33,7,0.2629,0
"V134","Brand A","coffee_capsules","2023-2024",35,6,0.2735,0
"V134","Brand A","coffee_capsules","2024-2025",28,9,0.2735,0
"V135","Brand B","herbal_tea","2023-2024",4,0,0.1742,0
"V135","Brand B","herbal_tea","2024-2025",2,1,0.1742,0
"V136","Brand G","coffee_capsules","2023-2024",28,9,0.3152,0
"V136","Brand G","coffee_capsules","2024-2025",21,7,0.3152,0
"V137","Brand B","coffee_capsules","2023-2024",5,3,0.2565,0
"V137","Brand B","coffee_capsules","2024-2025",11,2,0.2565,0
"V138","Brand G","whole_beans","2023-2024",65,24,0.3519,0
"V138","Brand G","whole_beans","2024-2025",60,27,0.3519,0
"V139","Brand D","whole_beans","2023-2024",23,4,0.3431,0
"V139","Brand D","whole_beans","2024-2025",26,8,0.3431,0
"V140","Brand C","ground_coffee","2023-2024",10,2,0.3659,0
"V140","Brand C","ground_coffee","2024-2025",7,1,0.3659,0
"V141","Brand C","instant_coffee","2023-2024",71,26,0.3728,0
"V141","Brand C","instant_coffee","2024-2025",70,26,0.3728,0
"V142","Brand H","ground_coffee","2023-2024",13,6,0.3318,0
"V142","Brand H","ground_coffee","2024-2025",8,5,0.3318,0
"V143","Brand B","whole_beans","2023-2024",134,43,0.3595,0
"V143","Brand B","whole_beans","2024-2025",148,56,0.3595,0
"V144","Brand H","black_tea","2023-2024",10,3,0.3689,0
"V144","Brand H","black_tea","2024-2025",10,4,0.3689,0
"V145","Brand F","herbal_tea","2023-2024",2,1,0.1912,0
"V145","Brand F","herbal_tea","2024-2025",2,0,0.1912,0
"V146","Brand G","coffee_capsules","2023-2024",5,2,0.2829,0
"V146","Brand G","coffee_capsules","2024-2025",8,3,0.2829,0
"V147","Brand D","coffee_capsules","2023-2024",16,4,0.3095,0
"V147","Brand D","coffee_capsules","2024-2025",14,5,0.3095,0
"V148","Brand C","black_tea","2023-2024",14,2,0.2386,0
"V148","Brand C","black_tea","2024-2025",17,3,0.2386,0
"V149","Brand C","instant_coffee","2023-2024",8,2,0.271,0
"V149","Brand C","instant_coffee","2024-2025",5,1,0.271,0
"V150","Brand B","coffee_capsules","2023-2024",19,7,0.3968,0
"V150","Brand B","coffee_capsules","2024-2025",9,1,0.3968,0
"V151","Brand G","coffee_capsules","2023-2024",37,10,0.2691,0
"V151","Brand G","coffee_capsules","2024-2025",39,9,0.2691,0
"V152","Brand A","coffee_capsules","2023-2024",39,14,0.4349,0
"V152","Brand A","coffee_capsules","2024-2025",35,19,0.4349,0
"V153","Brand B","iced_coffee","2023-2024",36,5,0.2605,0
"V153","Brand B","iced_coffee","2024-2025",36,9,0.2605,0
"V154","Brand A","whole_beans","2023-2024",10,3,0.2823,0
"V154","Brand A","whole_beans","2024-2025",5,1,0.2823,0
"V155","Brand E","instant_coffee","2023-2024",28,17,0.4366,0
"V155","Brand E","instant_coffee","2024-2025",35,10,0.4366,0
"V156","Brand A","instant_coffee","2023-2024",218,70,0.2985,0
"V156","Brand A","instant_coffee","2024-2025",217,64,0.2985,0
"V157","Brand F","ground_coffee","2023-2024",6,1,0.2608,0
"V157","Brand F","ground_coffee","2024-2025",9,3,0.2608,0
"V158","Brand E","instant_coffee","2023-2024",439,200,0.4891,0
"V158","Brand E","instant_coffee","2024-2025",431,212,0.4891,0
"V159","Brand A","coffee_pods","2023-2024",83,31,0.392,0
"V159","Brand A","coffee_pods","2024-2025",80,32,0.392,0
"V160","Brand B","coffee_capsules","2023-2024",3,2,0.331,0
"V160","Brand B","coffee_capsules","2024-2025",4,1,0.331,0
"V161","Brand E","coffee_capsules","2023-2024",3,1,0.3306,0
"V161","Brand E","coffee_capsules","2024-2025",3,1,0.3306,0
"V162","Brand B","whole_beans","2023-2024",18,6,0.3071,0
"V162","Brand B","whole_beans","2024-2025",17,6,0.3071,0
"V163","Brand F","herbal_tea","2023-2024",26,7,0.2672,0
"V163","Brand F","herbal_tea","2024-2025",33,8,0.2672,0
"V164","Brand H","coffee_capsules","2023-2024",5,2,0.3247,0
"V164","Brand H","coffee_capsules","2024-2025",8,2,0.3247,0
"V165","Brand H","coffee_capsules","2023-2024",13,3,0.282,0
"V165","Brand H","coffee_capsules","2024-2025",6,1,0.282,0
"V166","Brand E","ground_coffee","2023-2024",42,13,0.327,0
"V166","Brand E","ground_coffee","2024-2025",55,17,0.327,0
"V167","Brand G","coffee_capsules","2023-2024",34,14,0.3388,0
"V167","Brand G","coffee_capsules","2024-2025",37,10,0.3388,0
"V168","Brand A","whole_beans","2023-2024",7,1,0.1992,0
"V168","Brand A","whole_beans","2024-2025",3,0,0.1992,0
"V169","Brand F","whole_beans","2023-2024",9,4,0.278,0
"V169","Brand F","whole_beans","2024-2025",20,7,0.278,0
"V170","Brand F","coffee_capsules","2023-2024",8,0,0.2612,0
"V170","Brand F","coffee_capsules","2024-2025",8,0,0.2612,0
"V171","Brand H","coffee_pods","2023-2024",2,2,0.2735,0
"V171","Brand H","coffee_pods","2024-2025",2,1,0.2735,0
"V172","Brand D","instant_coffee","2023-2024",13,1,0.2354,0
"V172","Brand D","instant_coffee","2024-2025",9,1,0.2354,0
"V173","Brand C","whole_beans","2023-2024",7,2,0.3137,0
"V173","Brand C","whole_beans","2024-2025",13,7,0.3137,0
"V174","Brand H","coffee_pods","2023-2024",22,6,0.2313,0
"V174","Brand H","coffee_pods","2024-2025",20,2,0.2313,0
"V175","Brand B","coffee_capsules","2023-2024",9,4,0.2351,0
"V175","Brand B","coffee_capsules","2024-2025",7,0,0.2351,0
"V176","Brand F","black_tea","2023-2024",58,22,0.3863,0
"V176","Brand F","black_tea","2024-2025",54,19,0.3863,0
"V177","Brand G","herbal_tea","2023-2024",4,1,0.2655,0
"V177","Brand G","herbal_tea","2024-2025",5,3,0.2655,0
"V178","Brand E","herbal_tea","2023-2024",279,82,0.3452,0
"V178","Brand E","herbal_tea","2024-2025",268,92,0.3452,0
"V179","Brand E","iced_coffee","2023-2024",4,1,0.1814,0
"V179","Brand E","iced_coffee","2024-2025",5,1,0.1814,0
"V180","Brand H","whole_beans","2023-2024",42,15,0.4619,0
"V180","Brand H","whole_beans","2024-2025",46,25,0.4619,0
"V181","Brand F","coffee_capsules","2023-2024",438,160,0.3425,0
"V181","Brand F","coffee_capsules","2024-2025",442,134,0.3425,0
"V182","Brand D","ground_coffee","2023-2024",9,2,0.2896,0
"V182","Brand D","ground_coffee","2024-2025",7,1,0.2896,0
"V183","Brand H","herbal_tea","2023-2024",10,2,0.3507,0
"V183","Brand H","herbal_tea","2024-2025",13,5,0.3507,0
"V184","Brand G","black_tea","2023-2024",6,1,0.2276,0
"V184","Brand G","black_tea","2024-2025",8,1,0.2276,0
"V185","Brand B","ground_coffee","2023-2024",21,9,0.4045,0
"V185","Brand B","ground_coffee","2024-2025",33,14,0.4045,0
"V186","Brand H","ground_coffee","2023-2024",61,27,0.3061,0
"V186","Brand H","ground_coffee","2024-2025",49,14,0.3061,0
"V187","Brand E","coffee_pods","2023-2024",2,2,0.2668,0
"V187","Brand E","coffee_pods","2024-2025",4,2,0.2668,0
"V188","Brand D","coffee_capsules","2023-2024",6,1,0.3246,0
"V188","Brand D","coffee_capsules","2024-2025",6,2,0.3246,0
"V189","Brand G","coffee_capsules","2023-2024",2,1,0.3376,0
"V189","Brand G","coffee_capsules","2024-2025",4,1,0.3376,0
"V190","Brand F","ground_coffee","2023-2024",43,12,0.3278,0
"V190","Brand F","ground_coffee","2024-2025",55,18,0.3278,0
"V191","Brand D","ground_coffee","2023-2024",42,14,0.3598,0
"V191","Brand D","ground_coffee","2024-2025",50,20,0.3598,0
"V192","Brand F","coffee_capsules","2023-2024",12,5,0.3125,0
"V192","Brand F","coffee_capsules","2024-2025",13,4,0.3125,0
"V193","Brand A","coffee_capsules","2023-2024",6,1,0.2873,0
"V193","Brand A","coffee_capsules","2024-2025",8,1,0.2873,0
"V194","Brand D","herbal_tea","2023-2024",2,0,0.2318,0
"V194","Brand D","herbal_tea","2024-2025",5,1,0.2318,0
"V195","Brand D","ground_coffee","2023-2024",67,31,0.3744,0
"V195","Brand D","ground_coffee","2024-2025",79,26,0.3744,0
"V196","Brand F","ground_coffee","2023-2024",9,2,0.3087,0
"V196","Brand F","ground_coffee","2024-2025",10,2,0.3087,0
"V197","Brand G","coffee_capsules","2023-2024",70,26,0.4054,0
"V197","Brand G","coffee_capsules","2024-2025",73,32,0.4054,0
"V198","Brand C","whole_beans","2023-2024",481,183,0.397,0
"V198","Brand C","whole_beans","2024-2025",495,184,0.397,0
"V199","Brand A","black_tea","2023-2024",193,73,0.3335,0
"V199","Brand A","black_tea","2024-2025",196,74,0.3335,0
"V200","Brand B","coffee_capsules","2023-2024",7,3,0.3207,0
"V200","Brand B","coffee_capsules","2024-2025",8,3,0.3207,0
"V201","Brand A","herbal_tea","2023-2024",141,36,0.2507,0
"V201","Brand A","herbal_tea","2024-2025",163,34,0.2507,0
"V202","Brand H","black_tea","2023-2024",10,1,0.2709,0
"V202","Brand H","black_tea","2024-2025",13,4,0.2709,0
"V203","Brand D","ground_coffee","2023-2024",50,18,0.4159,0
"V203","Brand D","ground_coffee","2024-2025",36,20,0.4159,0
"V204","Brand A","iced_coffee","2023-2024",34,6,0.2339,0
"V204","Brand A","iced_coffee","2024-2025",44,13,0.2339,0
"V205","Brand E","ground_coffee","2023-2024",45,12,0.3165,0
"V205","Brand E","ground_coffee","2024-2025",55,18,0.3165,0
"V206","Brand H","instant_coffee","2023-2024",18,8,0.3344,0
"V206","Brand H","instant_coffee","2024-2025",26,5,0.3344,0
"V207","Brand B","coffee_capsules","2023-2024",39,9,0.3,0
"V207","Brand B","coffee_capsules","2024-2025",43,18,0.3,0
"V208","Brand B","iced_coffee","2023-2024",59,14,0.2617,0
"V208","Brand B","iced_coffee","2024-2025",54,15,0.2617,0
"V209","Brand F","coffee_pods","2023-2024",2,2,0.3067,0
"V209","Brand F","coffee_pods","2024-2025",2,1,0.3067,0
"V210","Brand D","black_tea","2023-2024",16,6,0.3061,0
"V210","Brand D","black_tea","2024-2025",14,2,0.3061,0
"V211","Brand G","instant_coffee","2023-2024",47,12,0.3264,0
"V211","Brand G","instant_coffee","2024-2025",36,13,0.3264,0
"V212","Brand E","coffee_capsules","2023-2024",31,6,0.3559,0
"V212","Brand E","coffee_capsules","2024-2025",36,17,0.3559,0
"V213","Brand E","coffee_capsules","2023-2024",25,9,0.3034,0
"V213","Brand E","coffee_capsules","2024-2025",22,7,0.3034,0
"V214","Brand F","coffee_capsules","2023-2024",342,141,0.4309,0
"V214","Brand F","coffee_capsules","2024-2025",317,143,0.4309,0
"V215","Brand C","herbal_tea","2023-2024",19,5,0.2628,0
"V215","Brand C","herbal_tea","2024-2025",28,10,0.2628,0
"V216","Brand B","whole_beans","2023-2024",25,9,0.2977,0
"V216","Brand B","whole_beans","2024-2025",43,7,0.2977,0
"V217","Brand E","coffee_capsules","2023-2024",23,7,0.3629,0
"V217","Brand E","coffee_capsules","2024-2025",21,7,0.3629,0
"V218","Brand E","coffee_capsules","2023-2024",803,299,0.376,0
"V218","Brand E","coffee_capsules","2024-2025",883,345,0.376,0
"V219","Brand H","coffee_capsules","2023-2024",9,4,0.3051,0
"V219","Brand H","coffee_capsules","2024-2025",11,3,0.3051,0
"V220","Brand D","ground_coffee","2023-2024",129,42,0.3212,0
"V220","Brand D","ground_coffee","2024-2025",135,44,0.3212,0
"V221","Brand B","coffee_capsules","2023-2024",136,45,0.4123,0
"V221","Brand B","coffee_capsules","2024-2025",116,41,0.4123,0
"V222","Brand D","black_tea","2023-2024",10,5,0.3345,0
"V222","Brand D","black_tea","2024-2025",6,1,0.3345,0
"V223","Brand A","coffee_capsules","2023-2024",179,56,0.3402,0
"V223","Brand A","coffee_capsules","2024-2025",186,58,0.3402,0
"V224","Brand H","instant_coffee","2023-2024",57,15,0.37,0
"V224","Brand H","instant_coffee","2024-2025",54,19,0.37,0
"V225","Brand F","ground_coffee","2023-2024",92,27,0.3362,0
"V225","Brand F","ground_coffee","2024-2025",98,33,0.3362,0
"V226","Brand G","herbal_tea","2023-2024",2,1,0.2192,0
"V226","Brand G","herbal_tea","2024-2025",2,0,0.2192,0
"V227","Brand E","instant_coffee","2023-2024",6,3,0.2568,0
"V227","Brand E","instant_coffee","2024-2025",7,0,0.2568,0
"V228","Brand H","coffee_capsules","2023-2024",10,6,0.3399,0
"V228","Brand H","coffee_capsules","2024-2025",12,6,0.3399,0
"V229","Brand G","coffee_capsules","2023-2024",28,9,0.3588,0
"V229","Brand G","coffee_capsules","2024-2025",32,6,0.3588,0
"V230","Brand C","coffee_capsules","2023-2024",27,7,0.2367,0
"V230","Brand C","coffee_capsules","2024-2025",21,9,0.2367,0
"V231","Brand H","ground_coffee","2023-2024",22,6,0.3193,0
"V231","Brand H","ground_coffee","2024-2025",22,7,0.3193,0
"V232","Brand F","coffee_capsules","2023-2024",65,19,0.3345,0
"V232","Brand F","coffee_capsules","2024-2025",65,13,0.3345,0
"V233","Brand A","ground_coffee","2023-2024",104,28,0.2292,0
"V233","Brand A","ground_coffee","2024-2025",101,21,0.2292,0
"V234","Brand B","whole_beans","2023-2024",298,111,0.4215,0
"V234","Brand B","whole_beans","2024-2025",309,135,0.4215,0
"V235","Brand C","herbal_tea","2023-2024",59,13,0.2435,0
"V235","Brand C","herbal_tea","2024-2025",61,12,0.2435,0
"V236","Brand D","instant_coffee","2023-2024",2,0,0.3015,0
"V236","Brand D","instant_coffee","2024-2025",5,0,0.3015,0
"V237","Brand F","iced_coffee","2023-2024",2,0,0.2093,0
"V237","Brand F","iced_coffee","2024-2025",3,0,0.2093,0
"V238","Brand E","coffee_capsules","2023-2024",193,92,0.4542,0
"V238","Brand E","coffee_capsules","2024-2025",203,93,0.4542,0
"V239","Brand C","coffee_capsules","2023-2024",9,2,0.1989,0
"V239","Brand C","coffee_capsules","2024-2025",17,2,0.1989,0
"V240","Brand G","herbal_tea","2023-2024",44,21,0.3463,0
"V240","Brand G","herbal_tea","2024-2025",35,10,0.3463,0
"V241","Brand G","iced_coffee","2023-2024",56,11,0.1919,0
"V241","Brand G","iced_coffee","2024-2025",46,8,0.1919,0
"V242","Brand F","whole_beans","2023-2024",80,31,0.3761,0
"V242","Brand F","whole_beans","2024-2025",66,30,0.3761,0
"V243","Brand A","iced_coffee","2023-2024",13,2,0.2923,0
"V243","Brand A","iced_coffee","2024-2025",23,5,0.2923,0
"V244","Brand B","coffee_pods","2023-2024",17,7,0.3234,0
"V244","Brand B","coffee_pods","2024-2025",11,5,0.3234,0
"V245","Brand E","black_tea","2023-2024",53,23,0.3566,0
"V245","Brand E","black_tea","2024-2025",55,21,0.3566,0
"V246","Brand A","whole_beans","2023-2024",12,5,0.355,0
"V246","Brand A","whole_beans","2024-2025",7,1,0.355,0
"V247","Brand E","coffee_pods","2023-2024",13,1,0.2849,0
"V247","Brand E","coffee_pods","2024-2025",23,8,0.2849,0
"V248","Brand B","ground_coffee","2023-2024",10,5,0.3296,0
"V248","Brand B","ground_coffee","2024-2025",15,5,0.3296,0
"V249","Brand G","coffee_capsules","2023-2024",4,2,0.3224,0
"V249","Brand G","coffee_capsules","2024-2025",6,2,0.3224,0
"V250","Brand F","coffee_capsules","2023-2024",30,9,0.2381,0
"V250","Brand F","coffee_capsules","2024-2025",32,7,0.2381,0
"V251","Brand H","instant_coffee","2023-2024",52,9,0.2965,0
"V251","Brand H","instant_coffee","2024-2025",51,20,0.2965,0
"V252","Brand G","ground_coffee","2023-2024",33,15,0.3978,0
"V252","Brand G","ground_coffee","2024-2025",36,10,0.3978,0
"V253","Brand F","ground_coffee","2023-2024",35,12,0.3054,0
"V253","Brand F","ground_coffee","2024-2025",57,14,0.3054,0
"V254","Brand H","instant_coffee","2023-2024",18,10,0.3513,0
"V254","Brand H","instant_coffee","2024-2025",22,6,0.3513,0
"V255","Brand C","ground_coffee","2023-2024",21,5,0.3591,0
"V255","Brand C","ground_coffee","2024-2025",15,5,0.3591,0
"V256","Brand C","coffee_capsules","2023-2024",2,1,0.2742,0
"V256","Brand C","coffee_capsules","2024-2025",2,1,0.2742,0
"V257","Brand D","instant_coffee","2023-2024",166,80,0.5066,0
"V257","Brand D","instant_coffee","2024-2025",139,67,0.5066,0
"V258","Brand D","herbal_tea","2023-2024",195,59,0.2825,0
"V258","Brand D","herbal_tea","2024-2025",231,54,0.2825,0
"V259","Brand E","coffee_pods","2023-2024",92,36,0.4002,0
"V259","Brand E","coffee_pods","2024-2025",80,34,0.4002,0
"V260","Brand B","black_tea","2023-2024",61,21,0.2684,0
"V260","Brand B","black_tea","2024-2025",59,15,0.2684,0
"V261","Brand A","whole_beans","2023-2024",22,3,0.3074,0
"V261","Brand A","whole_beans","2024-2025",30,9,0.3074,0
"V262","Brand F","black_tea","2023-2024",19,5,0.2498,0
"V262","Brand F","black_tea","2024-2025",19,3,0.2498,0
"V263","Brand D","iced_coffee","2023-2024",33,6,0.3058,0
"V263","Brand D","iced_coffee","2024-2025",32,3,0.3058,0
"V264","Brand A","coffee_capsules","2023-2024",9,4,0.3044,0
"V264","Brand A","coffee_capsules","2024-2025",9,1,0.3044,0
"V265","Brand D","instant_coffee","2023-2024",66,24,0.3613,0
"V265","Brand D","instant_coffee","2024-2025",78,31,0.3613,0
"V266","Brand F","coffee_capsules","2023-2024",50,16,0.288,0
"V266","Brand F","coffee_capsules","2024-2025",33,9,0.288,0
"V267","Brand G","ground_coffee","2023-2024",30,6,0.3295,0
"V267","Brand G","ground_coffee","2024-2025",31,8,0.3295,0
"V268","Brand D","black_tea","2023-2024",19,1,0.3049,0
"V268","Brand D","black_tea","2024-2025",21,7,0.3049,0
"V269","Brand E","instant_coffee","2023-2024",40,20,0.4252,0
"V269","Brand E","instant_coffee","2024-2025",27,13,0.4252,0
"V270","Brand A","instant_coffee","2023-2024",79,28,0.3415,0
"V270","Brand A","instant_coffee","2024-2025",86,28,0.3415,0
"V271","Brand D","whole_beans","2023-2024",205,70,0.3424,0
"V271","Brand D","whole_beans","2024-2025",229,97,0.3424,0
"V272","Brand H","whole_beans","2023-2024",2,0,0.2624,0
"V272","Brand H","whole_beans","2024-2025",6,2,0.2624,0
"V273","Brand H","coffee_capsules","2023-2024",6,3,0.3385,0
"V273","Brand H","coffee_capsules","2024-2025",13,3,0.3385,0
"V274","Brand F","coffee_capsules","2023-2024",313,152,0.4484,0
"V274","Brand F","coffee_capsules","2024-2025",311,149,0.4484,0
"V275","Brand D","instant_coffee","2023-2024",24,5,0.3016,0
"V275","Brand D","instant_coffee","2024-2025",24,4,0.3016,0
"V276","Brand E","black_tea","2023-2024",248,102,0.403,0
"V276","Brand E","black_tea","2024-2025",280,107,0.403,0
"V277","Brand E","coffee_pods","2023-2024",6,2,0.3555,0
"V277","Brand E","coffee_pods","2024-2025",5,1,0.3555,0
"V278","Brand B","instant_coffee","2023-2024",135,66,0.5199,1
"V278","Brand B","instant_coffee","2024-2025",156,77,0.5199,1
"V279","Brand B","black_tea","2023-2024",5,2,0.2881,0
"V279","Brand B","black_tea","2024-2025",6,0,0.2881,0
"V280","Brand G","coffee_capsules","2023-2024",4,2,0.3124,0
"V280","Brand G","coffee_capsules","2024-2025",7,1,0.3124,0
"V281","Brand C","black_tea","2023-2024",47,16,0.3101,0
"V281","Brand C","black_tea","2024-2025",34,9,0.3101,0
"V282","Brand F","coffee_pods","2023-2024",17,6,0.2612,0
"V282","Brand F","coffee_pods","2024-2025",20,8,0.2612,0
"V283","Brand H","black_tea","2023-2024",3,0,0.3403,0
"V283","Brand H","black_tea","2024-2025",6,1,0.3403,0
"V284","Brand H","black_tea","2023-2024",3,1,0.2021,0
"V284","Brand H","black_tea","2024-2025",4,0,0.2021,0
"V285","Brand F","coffee_pods","2023-2024",36,11,0.3034,0
"V285","Brand F","coffee_pods","2024-2025",29,13,0.3034,0
"V286","Brand G","whole_beans","2023-2024",6,0,0.3238,0
"V286","Brand G","whole_beans","2024-2025",8,0,0.3238,0
"V287","Brand C","coffee_capsules","2023-2024",109,48,0.4157,0
"V287","Brand C","coffee_capsules","2024-2025",103,45,0.4157,0
"V288","Brand A","coffee_capsules","2023-2024",178,90,0.4281,0
"V288","Brand A","coffee_capsules","2024-2025",178,67,0.4281,0
"V289","Brand G","herbal_tea","2023-2024",2,0,0.2145,0
"V289","Brand G","herbal_tea","2024-2025",6,0,0.2145,0
"V290","Brand D","coffee_pods","2023-2024",3,2,0.2263,0
"V290","Brand D","coffee_pods","2024-2025",2,1,0.2263,0
"V291","Brand H","coffee_capsules","2023-2024",2,0,0.3366,0
"V291","Brand H","coffee_capsules","2024-2025",3,1,0.3366,0
"V292","Brand D","herbal_tea","2023-2024",78,29,0.3591,0
"V292","Brand D","herbal_tea","2024-2025",80,26,0.3591,0
"V293","Brand E","black_tea","2023-2024",4,0,0.2247,0
"V293","Brand E","black_tea","2024-2025",4,1,0.2247,0
"V294","Brand A","herbal_tea","2023-2024",106,47,0.3921,0
"V294","Brand A","herbal_tea","2024-2025",116,51,0.3921,0
"V295","Brand H","coffee_pods","2023-2024",20,10,0.4615,0
"V295","Brand H","coffee_pods","2024-2025",20,14,0.4615,0
"V296","Brand H","black_tea","2023-2024",2,0,0.3317,0
"V296","Brand H","black_tea","2024-2025",2,2,0.3317,0
"V297","Brand H","black_tea","2023-2024",7,0,0.2112,0
"V297","Brand H","black_tea","2024-2025",7,2,0.2112,0
"V298","Brand E","whole_beans","2023-2024",26,4,0.2743,0
"V298","Brand E","whole_beans","2024-2025",29,7,0.2743,0
"V299","Brand F","coffee_capsules","2023-2024",491,351,0.6946,1
"V299","Brand F","coffee_capsules","2024-2025",492,332,0.6946,1
"V300","Brand E","ground_coffee","2023-2024",45,9,0.2514,0
"V300","Brand E","ground_coffee","2024-2025",39,5,0.2514,0
"V301","Brand E","whole_beans","2023-2024",2,1,0.3445,0
"V301","Brand E","whole_beans","2024-2025",3,0,0.3445,0
"V302","Brand C","whole_beans","2023-2024",12,1,0.277,0
"V302","Brand C","whole_beans","2024-2025",7,3,0.277,0
"V303","Brand D","black_tea","2023-2024",3,1,0.3092,0
"V303","Brand D","black_tea","2024-2025",3,2,0.3092,0
"V304","Brand C","ground_coffee","2023-2024",3,0,0.3113,0
"V304","Brand C","ground_coffee","2024-2025",2,0,0.3113,0
"V305","Brand G","coffee_pods","2023-2024",74,20,0.3567,0
"V305","Brand G","coffee_pods","2024-2025",82,41,0.3567,0
"V306","Brand B","coffee_capsules","2023-2024",12,5,0.3728,0
"V306","Brand B","coffee_capsules","2024-2025",17,7,0.3728,0
"V307","Brand B","instant_coffee","2023-2024",115,48,0.4242,0
"V307","Brand B","instant_coffee","2024-2025",134,59,0.4242,0
"V308","Brand B","ground_coffee","2023-2024",38,9,0.2415,0
"V308","Brand B","ground_coffee","2024-2025",34,6,0.2415,0
"V309","Brand G","instant_coffee","2023-2024",16,4,0.2475,0
"V309","Brand G","instant_coffee","2024-2025",32,9,0.2475,0
"V310","Brand A","coffee_pods","2023-2024",297,123,0.4073,0
"V310","Brand A","coffee_pods","2024-2025",304,129,0.4073,0
"V311","Brand H","herbal_tea","2023-2024",14,6,0.2743,0
"V311","Brand H","herbal_tea","2024-2025",12,1,0.2743,0
"V312","Brand B","instant_coffee","2023-2024",40,19,0.4091,0
"V312","Brand B","instant_coffee","2024-2025",35,19,0.4091,0
"V313","Brand E","coffee_capsules","2023-2024",4237,1726,0.4066,0
"V313","Brand E","coffee_capsules","2024-2025",4146,1750,0.4066,0
"V314","Brand H","coffee_pods","2023-2024",20,6,0.4138,0
"V314","Brand H","coffee_pods","2024-2025",15,5,0.4138,0
"V315","Brand B","ground_coffee","2023-2024",371,136,0.3841,0
"V315","Brand B","ground_coffee","2024-2025",345,123,0.3841,0
"V316","Brand H","coffee_pods","2023-2024",4,0,0.2531,0
"V316","Brand H","coffee_pods","2024-2025",4,0,0.2531,0
"V317","Brand A","whole_beans","2023-2024",31,12,0.3659,0
"V317","Brand A","whole_beans","2024-2025",38,10,0.3659,0
"V318","Brand E","whole_beans","2023-2024",9,2,0.3013,0
"V318","Brand E","whole_beans","2024-2025",17,7,0.3013,0
"V319","Brand F","black_tea","2023-2024",2,0,0.2966,0
"V319","Brand F","black_tea","2024-2025",2,0,0.2966,0
"V320","Brand F","black_tea","2023-2024",13,1,0.2045,0
"V320","Brand F","black_tea","2024-2025",7,1,0.2045,0
"V321","Brand A","herbal_tea","2023-2024",791,195,0.2434,0
"V321","Brand A","herbal_tea","2024-2025",801,177,0.2434,0
"V322","Brand H","whole_beans","2023-2024",25,8,0.2143,0
"V322","Brand H","whole_beans","2024-2025",14,3,0.2143,0
"V323","Brand F","coffee_capsules","2023-2024",9,5,0.2605,0
"V323","Brand F","coffee_capsules","2024-2025",8,0,0.2605,0
"V324","Brand C","herbal_tea","2023-2024",122,24,0.2461,0
"V324","Brand C","herbal_tea","2024-2025",117,25,0.2461,0
"V325","Brand F","coffee_capsules","2023-2024",6,2,0.3842,0
"V325","Brand F","coffee_capsules","2024-2025",6,0,0.3842,0
"V326","Brand E","instant_coffee","2023-2024",38,11,0.3732,0
"V326","Brand E","instant_coffee","2024-2025",28,13,0.3732,0
"V327","Brand A","coffee_pods","2023-2024",34,18,0.4105,0
"V327","Brand A","coffee_pods","2024-2025",36,21,0.4105,0
"V328","Brand G","black_tea","2023-2024",16,4,0.2626,0
"V328","Brand G","black_tea","2024-2025",26,9,0.2626,0
"V329","Brand G","ground_coffee","2023-2024",14,2,0.2655,0
"V329","Brand G","ground_coffee","2024-2025",25,8,0.2655,0
"V330","Brand C","instant_coffee","2023-2024",318,116,0.3752,0
"V330","Brand C","instant_coffee","2024-2025",323,122,0.3752,0
"V331","Brand F","ground_coffee","2023-2024",15,10,0.3772,0
"V331","Brand F","ground_coffee","2024-2025",18,7,0.3772,0
"V332","Brand B","instant_coffee","2023-2024",627,212,0.3446,0
"V332","Brand B","instant_coffee","2024-2025",703,250,0.3446,0
"V333","Brand F","instant_coffee","2023-2024",11,7,0.3163,0
"V333","Brand F","instant_coffee","2024-2025",33,7,0.3163,0
"V334","Brand G","coffee_pods","2023-2024",16,6,0.3065,0
"V334","Brand G","coffee_pods","2024-2025",29,8,0.3065,0
"V335","Brand G","ground_coffee","2023-2024",10,3,0.2627,0
"V335","Brand G","ground_coffee","2024-2025",9,4,0.2627,0
"V336","Brand D","coffee_pods","2023-2024",3,0,0.2352,0
"V336","Brand D","coffee_pods","2024-2025",2,0,0.2352,0
"V337","Brand B","coffee_capsules","2023-2024",3,1,0.2565,0
"V337","Brand B","coffee_capsules","2024-2025",6,2,0.2565,0
"V338","Brand A","whole_beans","2023-2024",24,9,0.3006,0
"V338","Brand A","whole_beans","2024-2025",28,9,0.3006,0
"V339","Brand A","ground_coffee","2023-2024",7,0,0.3004,0
"V339","Brand A","ground_coffee","2024-2025",8,5,0.3004,0
"V340","Brand B","black_tea","2023-2024",253,50,0.2439,0
"V340","Brand B","black_tea","2024-2025",234,62,0.2439,0
"V341","Brand H","ground_coffee","2023-2024",33,17,0.3787,0
"V341","Brand H","ground_coffee","2024-2025",41,14,0.3787,0
"V342","Brand H","whole_beans","2023-2024",12,4,0.3448,0
"V342","Brand H","whole_beans","2024-2025",12,2,0.3448,0
"V343","Brand C","coffee_capsules","2023-2024",121,61,0.4306,0
"V343","Brand C","coffee_capsules","2024-2025",121,55,0.4306,0
"V344","Brand H","coffee_capsules","2023-2024",10,3,0.2426,0
"V344","Brand H","coffee_capsules","2024-2025",6,1,0.2426,0
"V345","Brand E","coffee_pods","2023-2024",21,10,0.3384,0
"V345","Brand E","coffee_pods","2024-2025",33,10,0.3384,0
"V346","Brand C","coffee_capsules","2023-2024",62,13,0.2414,0
"V346","Brand C","coffee_capsules","2024-2025",77,14,0.2414,0
"V347","Brand C","ground_coffee","2023-2024",27,9,0.3439,0
"V347","Brand C","ground_coffee","2024-2025",27,7,0.3439,0
"V348","Brand A","ground_coffee","2023-2024",18,4,0.3638,0
"V348","Brand A","ground_coffee","2024-2025",19,7,0.3638,0
"V349","Brand H","whole_beans","2023-2024",12,3,0.3243,0
"V349","Brand H","whole_beans","2024-2025",22,5,0.3243,0
"V350","Brand F","ground_coffee","2023-2024",15,5,0.3252,0
"V350","Brand F","ground_coffee","2024-2025",15,6,0.3252,0
"V351","Brand E","whole_beans","2023-2024",220,82,0.3245,0
"V351","Brand E","whole_beans","2024-2025",226,77,0.3245,0
"V352","Brand E","iced_coffee","2023-2024",32,7,0.219,0
"V352","Brand E","iced_coffee","2024-2025",28,6,0.219,0
"V353","Brand A","coffee_capsules","2023-2024",6,2,0.3437,0
"V353","Brand A","coffee_capsules","2024-2025",5,1,0.3437,0
"V354","Brand D","coffee_capsules","2023-2024",7,2,0.2787,0
"V354","Brand D","coffee_capsules","2024-2025",15,5,0.2787,0
"V355","Brand H","black_tea","2023-2024",6,2,0.3136,0
"V355","Brand H","black_tea","2024-2025",4,3,0.3136,0
"V356","Brand F","herbal_tea","2023-2024",49,18,0.2841,0
"V356","Brand F","herbal_tea","2024-2025",47,14,0.2841,0
"V357","Brand C","herbal_tea","2023-2024",17,2,0.2288,0
"V357","Brand C","herbal_tea","2024-2025",9,5,0.2288,0
"V358","Brand B","coffee_capsules","2023-2024",37,8,0.2721,0
"V358","Brand B","coffee_capsules","2024-2025",33,6,0.2721,0
"V359","Brand B","whole_beans","2023-2024",38,8,0.2474,0
"V359","Brand B","whole_beans","2024-2025",37,7,0.2474,0
"V360","Brand F","instant_coffee","2023-2024",2,0,0.258,0
"V360","Brand F","instant_coffee","2024-2025",2,1,0.258,0
"V361","Brand C","coffee_capsules","2023-2024",8,1,0.2377,0
"V361","Brand C","coffee_capsules","2024-2025",8,2,0.2377,0
"V362","Brand E","ground_coffee","2023-2024",654,222,0.3495,0
"V362","Brand E","ground_coffee","2024-2025",633,227,0.3495,0
"V363","Brand F","herbal_tea","2023-2024",29,10,0.3454,0
"V363","Brand F","herbal_tea","2024-2025",30,9,0.3454,0
"V364","Brand E","coffee_capsules","2023-2024",24,8,0.267,0
"V364","Brand E","coffee_capsules","2024-2025",17,1,0.267,0
"V365","Brand G","black_tea","2023-2024",49,9,0.2902,0
"V365","Brand G","black_tea","2024-2025",55,20,0.2902,0
"V366","Brand D","coffee_capsules","2023-2024",49,14,0.295,0
"V366","Brand D","coffee_capsules","2024-2025",60,20,0.295,0
"V367","Brand C","coffee_pods","2023-2024",2,0,0.2509,0
"V367","Brand C","coffee_pods","2024-2025",4,0,0.2509,0
"V368","Brand D","herbal_tea","2023-2024",30,12,0.2894,0
"V368","Brand D","herbal_tea","2024-2025",32,7,0.2894,0
"V369","Brand H","black_tea","2023-2024",82,32,0.4429,0
"V369","Brand H","black_tea","2024-2025",77,30,0.4429,0
"V370","Brand E","herbal_tea","2023-2024",32,8,0.2281,0
"V370","Brand E","herbal_tea","2024-2025",36,8,0.2281,0
"V371","Brand F","instant_coffee","2023-2024",22,7,0.3346,0
"V371","Brand F","instant_coffee","2024-2025",17,8,0.3346,0
"V372","Brand G","whole_beans","2023-2024",12,2,0.329,0
"V372","Brand G","whole_beans","2024-2025",17,9,0.329,0
"V373","Brand B","herbal_tea","2023-2024",2,0,0.2115,0
"V373","Brand B","herbal_tea","2024-2025",3,0,0.2115,0
"V374","Brand G","whole_beans","2023-2024",10,4,0.342,0
"V374","Brand G","whole_beans","2024-2025",13,4,0.342,0
"V375","Brand H","instant_coffee","2023-2024",47,13,0.3325,0
"V375","Brand H","instant_coffee","2024-2025",45,19,0.3325,0
"V376","Brand G","coffee_capsules","2023-2024",7,4,0.377,0
"V376","Brand G","coffee_capsules","2024-2025",4,2,0.377,0
"V377","Brand C","black_tea","2023-2024",24,9,0.3545,0
"V377","Brand C","black_tea","2024-2025",21,6,0.3545,0
"V378","Brand D","coffee_capsules","2023-2024",27,9,0.3505,0
"V378","Brand D","coffee_capsules","2024-2025",24,8,0.3505,0
"V379","Brand E","coffee_capsules","2023-2024",102,24,0.2453,0
"V379","Brand E","coffee_capsules","2024-2025",102,33,0.2453,0
"V380","Brand D","coffee_capsules","2023-2024",4,2,0.3554,0
"V380","Brand D","coffee_capsules","2024-2025",2,0,0.3554,0
"V381","Brand B","instant_coffee","2023-2024",39,15,0.366,0
"V381","Brand B","instant_coffee","2024-2025",28,12,0.366,0
"V382","Brand C","herbal_tea","2023-2024",118,32,0.3086,0
"V382","Brand C","herbal_tea","2024-2025",120,47,0.3086,0
"V383","Brand E","ground_coffee","2023-2024",38,15,0.3372,0
"V383","Brand E","ground_coffee","2024-2025",45,18,0.3372,0
"V384","Brand D","whole_beans","2023-2024",2,1,0.1848,0
"V384","Brand D","whole_beans","2024-2025",2,1,0.1848,0
"V385","Brand C","iced_coffee","2023-2024",24,7,0.2357,0
"V385","Brand C","iced_coffee","2024-2025",23,4,0.2357,0
"V386","Brand D","instant_coffee","2023-2024",185,47,0.2964,0
"V386","Brand D","instant_coffee","2024-2025",144,35,0.2964,0
"V387","Brand E","black_tea","2023-2024",9,3,0.1757,0
"V387","Brand E","black_tea","2024-2025",7,0,0.1757,0
"V388","Brand B","coffee_capsules","2023-2024",33,3,0.3107,0
"V388","Brand B","coffee_capsules","2024-2025",32,15,0.3107,0
"V389","Brand A","coffee_capsules","2023-2024",8,2,0.3703,0
"V389","Brand A","coffee_capsules","2024-2025",7,5,0.3703,0
"V390","Brand B","whole_beans","2023-2024",108,37,0.3105,0
"V390","Brand B","whole_beans","2024-2025",130,44,0.3105,0
"V391","Brand F","herbal_tea","2023-2024",130,44,0.328,0
"V391","Brand F","herbal_tea","2024-2025",136,35,0.328,0
"V392","Brand C","coffee_pods","2023-2024",39,13,0.3434,0
"V392","Brand C","coffee_pods","2024-2025",32,11,0.3434,0
"V393","Brand D","ground_coffee","2023-2024",60,23,0.4093,0
"V393","Brand D","ground_coffee","2024-2025",61,33,0.4093,0
"V394","Brand H","coffee_capsules","2023-2024",16,8,0.3244,0
"V394","Brand H","coffee_capsules","2024-2025",20,7,0.3244,0
"V395","Brand E","coffee_capsules","2023-2024",659,267,0.395,0
"V395","Brand E","coffee_capsules","2024-2025",657,254,0.395,0
"V396","Brand C","instant_coffee","2023-2024",128,37,0.3124,0
"V396","Brand C","instant_coffee","2024-2025",98,31,0.3124,0
"V397","Brand D","coffee_capsules","2023-2024",3,1,0.2027,0
"V397","Brand D","coffee_capsules","2024-2025",2,0,0.2027,0
"V398","Brand A","coffee_pods","2023-2024",2,0,0.1922,0
"V398","Brand A","coffee_pods","2024-2025",2,0,0.1922,0
"V399","Brand H","whole_beans","2023-2024",21,5,0.2481,0
"V399","Brand H","whole_beans","2024-2025",25,6,0.2481,0
"V400","Brand D","coffee_capsules","2023-2024",12,3,0.2453,0
"V400","Brand D","coffee_capsules","2024-2025",13,6,0.2453,0
"V401","Brand F","ground_coffee","2023-2024",36,17,0.4184,0
"V401","Brand F","ground_coffee","2024-2025",35,13,0.4184,0
"V402","Brand E","ground_coffee","2023-2024",13,5,0.2347,0
"V402","Brand E","ground_coffee","2024-2025",9,3,0.2347,0
"V403","Brand E","instant_coffee","2023-2024",11,4,0.3593,0
"V403","Brand E","instant_coffee","2024-2025",10,5,0.3593,0
"V404","Brand D","coffee_capsules","2023-2024",115,45,0.3909,0
"V404","Brand D","coffee_capsules","2024-2025",107,42,0.3909,0
"V405","Brand E","ground_coffee","2023-2024",92,23,0.2794,0
"V405","Brand E","ground_coffee","2024-2025",100,27,0.2794,0
"V406","Brand G","coffee_capsules","2023-2024",63,25,0.3371,0
"V406","Brand G","coffee_capsules","2024-2025",71,31,0.3371,0
"V407","Brand D","coffee_capsules","2023-2024",27,9,0.3325,0
"V407","Brand D","coffee_capsules","2024-2025",21,9,0.3325,0
"V408","Brand G","whole_beans","2023-2024",89,37,0.3884,0
"V408","Brand G","whole_beans","2024-2025",85,35,0.3884,0
"V409","Brand G","ground_coffee","2023-2024",2,1,0.1994,0
"V409","Brand G","ground_coffee","2024-2025",2,0,0.1994,0
"V410","Brand F","instant_coffee","2023-2024",3,0,0.2333,0
"V410","Brand F","instant_coffee","2024-2025",2,1,0.2333,0
"V411","Brand F","iced_coffee","2023-2024",148,35,0.2743,0
"V411","Brand F","iced_coffee","2024-2025",142,34,0.2743,0
"V412","Brand E","whole_beans","2023-2024",8,1,0.3153,0
"V412","Brand E","whole_beans","2024-2025",15,2,0.3153,0
"V413","Brand A","ground_coffee","2023-2024",44,20,0.3987,0
"V413","Brand A","ground_coffee","2024-2025",35,12,0.3987,0
"V414","Brand F","instant_coffee","2023-2024",385,159,0.4568,0
"V414","Brand F","instant_coffee","2024-2025",406,175,0.4568,0
"V415","Brand F","ground_coffee","2023-2024",15,3,0.2692,0
"V415","Brand F","ground_coffee","2024-2025",14,3,0.2692,0
"V416","Brand C","coffee_capsules","2023-2024",4,3,0.2963,0
"V416","Brand C","coffee_capsules","2024-2025",6,1,0.2963,0
"V417","Brand H","whole_beans","2023-2024",2,1,0.3376,0
"V417","Brand H","whole_beans","2024-2025",2,0,0.3376,0
"V418","Brand E","ground_coffee","2023-2024",20,6,0.3191,0
"V418","Brand E","ground_coffee","2024-2025",21,9,0.3191,0
"V419","Brand B","iced_coffee","2023-2024",16,3,0.222,0
"V419","Brand B","iced_coffee","2024-2025",24,5,0.222,0
"V420","Brand A","ground_coffee","2023-2024",96,34,0.3916,0
"V420","Brand A","ground_coffee","2024-2025",112,45,0.3916,0
"V421","Brand G","coffee_capsules","2023-2024",16,7,0.2701,0
"V421","Brand G","coffee_capsules","2024-2025",14,2,0.2701,0
"V422","Brand F","coffee_capsules","2023-2024",18,2,0.2682,0
"V422","Brand F","coffee_capsules","2024-2025",20,3,0.2682,0
"V423","Brand C","coffee_pods","2023-2024",17,8,0.3222,0
"V423","Brand C","coffee_pods","2024-2025",18,6,0.3222,0
"V424","Brand H","ground_coffee","2023-2024",41,15,0.3571,0
"V424","Brand H","ground_coffee","2024-2025",49,11,0.3571,0
"V425","Brand F","ground_coffee","2023-2024",70,25,0.3411,0
"V425","Brand F","ground_coffee","2024-2025",61,24,0.3411,0
"V426","Brand G","ground_coffee","2023-2024",15,4,0.2763,0
"V426","Brand G","ground_coffee","2024-2025",10,1,0.2763,0
"V427","Brand F","ground_coffee","2023-2024",39,12,0.3677,0
"V427","Brand F","ground_coffee","2024-2025",30,12,0.3677,0
"V428","Brand D","ground_coffee","2023-2024",45,16,0.2582,0
"V428","Brand D","ground_coffee","2024-2025",42,13,0.2582,0
"V429","Brand B","ground_coffee","2023-2024",20,6,0.3959,0
"V429","Brand B","ground_coffee","2024-2025",29,11,0.3959,0
"V430","Brand H","coffee_pods","2023-2024",214,83,0.3715,0
"V430","Brand H","coffee_pods","2024-2025",215,81,0.3715,0
"V431","Brand F","coffee_pods","2023-2024",3,0,0.2704,0
"V431","Brand F","coffee_pods","2024-2025",2,1,0.2704,0
"V432","Brand G","ground_coffee","2023-2024",65,27,0.338,0
"V432","Brand G","ground_coffee","2024-2025",80,29,0.338,0
"V433","Brand E","instant_coffee","2023-2024",172,69,0.4241,0
"V433","Brand E","instant_coffee","2024-2025",146,66,0.4241,0
"V434","Brand D","ground_coffee","2023-2024",3,1,0.2776,0
"V434","Brand D","ground_coffee","2024-2025",4,1,0.2776,0
"V435","Brand G","coffee_pods","2023-2024",33,4,0.2512,0
"V435","Brand G","coffee_pods","2024-2025",24,7,0.2512,0
"V436","Brand H","whole_beans","2023-2024",9,2,0.276,0
"V436","Brand H","whole_beans","2024-2025",4,2,0.276,0
"V437","Brand F","coffee_pods","2023-2024",14,4,0.3096,0
"V437","Brand F","coffee_pods","2024-2025",12,3,0.3096,0
"V438","Brand B","ground_coffee","2023-2024",20,3,0.2648,0
"V438","Brand B","ground_coffee","2024-2025",29,6,0.2648,0
"V439","Brand G","iced_coffee","2023-2024",16,6,0.2926,0
"V439","Brand G","iced_coffee","2024-2025",17,5,0.2926,0
"V440","Brand F","ground_coffee","2023-2024",496,169,0.3251,0
"V440","Brand F","ground_coffee","2024-2025",483,172,0.3251,0
"V441","Brand F","whole_beans","2023-2024",15,1,0.2666,0
"V441","Brand F","whole_beans","2024-2025",28,5,0.2666,0
"V442","Brand H","ground_coffee","2023-2024",4,1,0.2904,0
"V442","Brand H","ground_coffee","2024-2025",4,0,0.2904,0
"V443","Brand A","coffee_capsules","2023-2024",7,2,0.3476,0
"V443","Brand A","coffee_capsules","2024-2025",2,1,0.3476,0
"V444","Brand G","coffee_capsules","2023-2024",14,6,0.3739,0
"V444","Brand G","coffee_capsules","2024-2025",23,11,0.3739,0
"V445","Brand H","ground_coffee","2023-2024",17,8,0.3767,0
"V445","Brand H","ground_coffee","2024-2025",15,6,0.3767,0
"V446","Brand H","black_tea","2023-2024",59,22,0.3273,0
"V446","Brand H","black_tea","2024-2025",70,22,0.3273,0
"V447","Brand E","coffee_capsules","2023-2024",8,0,0.2062,0
"V447","Brand E","coffee_capsules","2024-2025",7,0,0.2062,0
"V448","Brand H","whole_beans","2023-2024",68,18,0.2751,0
"V448","Brand H","whole_beans","2024-2025",59,8,0.2751,0
"V449","Brand B","ground_coffee","2023-2024",12,3,0.3396,0
"V449","Brand B","ground_coffee","2024-2025",9,2,0.3396,0
"V450","Brand C","coffee_capsules","2023-2024",7,0,0.2417,0
"V450","Brand C","coffee_capsules","2024-2025",3,0,0.2417,0
"V451","Brand H","herbal_tea","2023-2024",17,3,0.2348,0
"V451","Brand H","herbal_tea","2024-2025",21,7,0.2348,0
"V452","Brand H","whole_beans","2023-2024",14,7,0.3057,0
"V452","Brand H","whole_beans","2024-2025",8,5,0.3057,0
"V453","Brand C","ground_coffee","2023-2024",18,5,0.4025,0
"V453","Brand C","ground_coffee","2024-2025",24,12,0.4025,0
"V454","Brand F","instant_coffee","2023-2024",309,60,0.2041,0
"V454","Brand F","instant_coffee","2024-2025",302,65,0.2041,0
"V455","Brand C","coffee_capsules","2023-2024",10,2,0.3383,0
"V455","Brand C","coffee_capsules","2024-2025",15,3,0.3383,0
"V456","Brand C","whole_beans","2023-2024",17,8,0.2696,0
"V456","Brand C","whole_beans","2024-2025",13,4,0.2696,0
"V457","Brand H","instant_coffee","2023-2024",4,1,0.2508,0
"V457","Brand H","instant_coffee","2024-2025",4,0,0.2508,0
"V458","Brand G","instant_coffee","2023-2024",30,9,0.2567,0
"V458","Brand G","instant_coffee","2024-2025",36,8,0.2567,0
"V459","Brand H","instant_coffee","2023-2024",14,3,0.3028,0
"V459","Brand H","instant_coffee","2024-2025",25,3,0.3028,0
"V460","Brand C","coffee_pods","2023-2024",233,89,0.4105,0
"V460","Brand C","coffee_pods","2024-2025",253,102,0.4105,0
"V461","Brand A","ground_coffee","2023-2024",3,1,0.2673,0
"V461","Brand A","ground_coffee","2024-2025",2,1,0.2673,0
"V462","Brand E","coffee_pods","2023-2024",10,6,0.2916,0
"V462","Brand E","coffee_pods","2024-2025",7,2,0.2916,0
"V463","Brand D","instant_coffee","2023-2024",11,3,0.3234,0
"V463","Brand D","instant_coffee","2024-2025",4,1,0.3234,0
"V464","Brand B","coffee_capsules","2023-2024",27,11,0.3264,0
"V464","Brand B","coffee_capsules","2024-2025",32,10,0.3264,0
"V465","Brand E","instant_coffee","2023-2024",7,1,0.4,0
"V465","Brand E","instant_coffee","2024-2025",12,7,0.4,0
"V466","Brand C","ground_coffee","2023-2024",38,15,0.2948,0
"V466","Brand C","ground_coffee","2024-2025",31,7,0.2948,0
"V467","Brand B","black_tea","2023-2024",1019,327,0.3311,0
"V467","Brand B","black_tea","2024-2025",1066,355,0.3311,0
"V468","Brand A","coffee_capsules","2023-2024",10,2,0.3606,0
"V468","Brand A","coffee_capsules","2024-2025",9,2,0.3606,0
"V469","Brand G","ground_coffee","2023-2024",30,9,0.3043,0
"V469","Brand G","ground_coffee","2024-2025",30,10,0.3043,0
"V470","Brand C","whole_beans","2023-2024",6,4,0.3125,0
"V470","Brand C","whole_beans","2024-2025",11,3,0.3125,0
"V471","Brand F","coffee_pods","2023-2024",129,53,0.3737,0
"V471","Brand F","coffee_pods","2024-2025",125,53,0.3737,0
"V472","Brand B","ground_coffee","2023-2024",4,0,0.2888,0
"V472","Brand B","ground_coffee","2024-2025",2,1,0.2888,0
"V473","Brand F","coffee_capsules","2023-2024",12,3,0.3162,0
"V473","Brand F","coffee_capsules","2024-2025",14,2,0.3162,0
"V474","Brand H","ground_coffee","2023-2024",36,13,0.302,0
"V474","Brand H","ground_coffee","2024-2025",29,9,0.302,0
"V475","Brand G","instant_coffee","2023-2024",98,33,0.4144,0
"V475","Brand G","instant_coffee","2024-2025",83,30,0.4144,0
"V476","Brand F","herbal_tea","2023-2024",44,18,0.3047,0
"V476","Brand F","herbal_tea","2024-2025",31,9,0.3047,0
"V477","Brand C","black_tea","2023-2024",56,13,0.3381,0
"V477","Brand C","black_tea","2024-2025",68,30,0.3381,0
"V478","Brand A","coffee_capsules","2023-2024",3,2,0.2653,0
"V478","Brand A","coffee_capsules","2024-2025",3,2,0.2653,0
"V479","Brand H","iced_coffee","2023-2024",11,3,0.264,0
"V479","Brand H","iced_coffee","2024-2025",9,2,0.264,0
"V480","Brand H","coffee_pods","2023-2024",15,5,0.3073,0
"V480","Brand H","coffee_pods","2024-2025",32,11,0.3073,0
"V481","Brand A","black_tea","2023-2024",132,39,0.3369,0
"V481","Brand A","black_tea","2024-2025",131,44,0.3369,0
"V482","Brand E","whole_beans","2023-2024",23,8,0.2491,0
"V482","Brand E","whole_beans","2024-2025",17,2,0.2491,0
"V483","Brand D","whole_beans","2023-2024",16,6,0.3949,0
"V483","Brand D","whole_beans","2024-2025",18,8,0.3949,0
"V484","Brand H","ground_coffee","2023-2024",30,12,0.3407,0
"V484","Brand H","ground_coffee","2024-2025",34,12,0.3407,0
"V485","Brand E","herbal_tea","2023-2024",10,3,0.2146,0
"V485","Brand E","herbal_tea","2024-2025",4,0,0.2146,0
"V486","Brand D","herbal_tea","2023-2024",6,0,0.2039,0
"V486","Brand D","herbal_tea","2024-2025",2,0,0.2039,0
"V487","Brand A","coffee_pods","2023-2024",47,16,0.3404,0
"V487","Brand A","coffee_pods","2024-2025",42,10,0.3404,0
"V488","Brand A","black_tea","2023-2024",10,2,0.2616,0
"V488","Brand A","black_tea","2024-2025",10,5,0.2616,0
"V489","Brand D","whole_beans","2023-2024",38,18,0.3554,0
"V489","Brand D","whole_beans","2024-2025",34,14,0.3554,0
"V490","Brand A","instant_coffee","2023-2024",2,0,0.2293,0
"V490","Brand A","instant_coffee","2024-2025",5,1,0.2293,0
"V491","Brand F","whole_beans","2023-2024",7,0,0.346,0
"V491","Brand F","whole_beans","2024-2025",4,1,0.346,0
"V492","Brand E","black_tea","2023-2024",19,9,0.3167,0
"V492","Brand E","black_tea","2024-2025",24,14,0.3167,0
"V493","Brand F","whole_beans","2023-2024",5,3,0.3547,0
"V493","Brand F","whole_beans","2024-2025",5,1,0.3547,0
"V494","Brand B","instant_coffee","2023-2024",13,3,0.3517,0
"V494","Brand B","instant_coffee","2024-2025",21,14,0.3517,0
"V495","Brand E","coffee_capsules","2023-2024",39,14,0.352,0
"V495","Brand E","coffee_capsules","2024-2025",40,11,0.352,0
"V496","Brand F","ground_coffee","2023-2024",271,86,0.3301,0
"V496","Brand F","ground_coffee","2024-2025",292,107,0.3301,0
"V497","Brand D","herbal_tea","2023-2024",9,0,0.2124,0
"V497","Brand D","herbal_tea","2024-2025",5,2,0.2124,0
"V498","Brand D","herbal_tea","2023-2024",52,24,0.3814,0
"V498","Brand D","herbal_tea","2024-2025",54,22,0.3814,0
"V499","Brand B","ground_coffee","2023-2024",74,34,0.3201,0
"V499","Brand B","ground_coffee","2024-2025",67,14,0.3201,0
"V500","Brand G","herbal_tea","2023-2024",810,312,0.3992,0
"V500","Brand G","herbal_tea","2024-2025",818,317,0.3992,0
